order_id,customer_id,product_id,quantity,local_price,currency,order_date,status
100001,5173,6,7,179.48,EUR,2026-04-20,Completed
100002,5136,4,2,53.68,EUR,2026-04-20,Completed
100003,5283,2,8,13.07,GBP,2026-04-20,Returned
100004,5117,10,6,12.4,GBP,2026-04-20,Shipped
100005,5187,10,2,1874.0,JPY,2026-04-20,Pending
100006,5350,6,6,165.95,EUR,2026-04-20,Shipped
100007,5139,3,3,67.09,GBP,2026-04-20,Completed
100008,5118,18,4,149.08,GBP,2026-04-20,Pending
100009,5291,2,6,15.56,EUR,2026-04-20,Completed
100010,5235,11,4,63.59,GBP,2026-04-20,Completed
100011,5300,5,5,170.47,EUR,2026-04-20,Pending
100012,5253,14,7,45.06,EUR,2026-04-20,Returned
100013,5306,3,1,8544.0,JPY,2026-04-20,Completed
100014,5284,3,7,68.64,EUR,2026-04-20,Returned
100015,5329,1,2,135.43,GBP,2026-04-20,Shipped
100016,5135,11,2,46.26,EUR,2026-04-20,Completed
100017,5328,17,3,58.5,GBP,2026-04-20,Completed
100018,5272,17,4,56.85,EUR,2026-04-20,Pending
100019,5158,1,6,140.26,GBP,2026-04-20,Completed
100020,5249,8,1,23.19,EUR,2026-04-20,Shipped
100021,5136,3,3,69.12,EUR,2026-04-20,Completed
100022,5160,17,7,8696.0,JPY,2026-04-20,Cancelled
100023,5116,13,6,12.16,GBP,2026-04-20,Shipped
100024,5004,3,6,70.02,EUR,2026-04-20,Shipped
100025,5037,3,1,76.31,EUR,2026-04-20,Cancelled
100026,5293,17,4,56.85,EUR,2026-04-20,Completed
100027,5049,19,8,178.25,EUR,2026-04-20,Completed
100028,5028,4,7,63.75,EUR,2026-04-20,Completed
100029,5128,4,1,63.71,EUR,2026-04-20,Completed
100030,5237,7,4,180.23,GBP,2026-04-20,Completed
100031,5026,8,2,27.56,GBP,2026-04-20,Pending
100032,5249,18,1,18548.0,JPY,2026-04-20,Cancelled
100033,5200,16,4,12903.0,JPY,2026-04-20,Cancelled
100034,5285,9,8,107.75,EUR,2026-04-20,Shipped
100035,5278,16,3,107.53,EUR,2026-04-20,Completed
100036,5272,2,6,13.65,EUR,2026-04-20,Shipped
100037,5346,6,1,19236.0,JPY,2026-04-20,Completed
100038,5305,8,7,24.74,EUR,2026-04-20,Cancelled
100039,5134,2,2,13.74,EUR,2026-04-20,Shipped
100040,5154,7,6,213.91,EUR,2026-04-20,Completed
100041,5289,15,6,17395.0,JPY,2026-04-20,Cancelled
100042,5179,4,2,49.59,GBP,2026-04-20,Shipped
100043,5155,3,4,75.71,EUR,2026-04-20,Completed
100044,5054,20,1,11.03,GBP,2026-04-20,Shipped
100045,5140,5,5,171.29,EUR,2026-04-20,Completed
100046,5136,10,4,15.35,GBP,2026-04-20,Completed
100047,5325,17,8,47.49,EUR,2026-04-20,Cancelled
100048,5135,14,5,44.92,EUR,2026-04-20,Completed
100049,5039,6,8,129.25,GBP,2026-04-20,Completed
100050,5158,5,1,17776.0,JPY,2026-04-20,Shipped
100051,5287,12,1,12854.0,JPY,2026-04-20,Completed
100052,5091,14,3,6685.0,JPY,2026-04-20,Completed
100053,5211,14,1,56.36,EUR,2026-04-20,Cancelled
100054,5020,8,5,26.0,EUR,2026-04-20,Shipped
100055,5117,16,4,120.12,EUR,2026-04-20,Cancelled
100056,5036,8,1,25.04,GBP,2026-04-20,Completed
100057,5275,9,6,116.3,GBP,2026-04-20,Completed
100058,5136,11,1,49.59,EUR,2026-04-20,Returned
100059,5224,2,2,14.97,GBP,2026-04-20,Completed
100060,5224,20,2,8.81,EUR,2026-04-20,Shipped
100061,5170,1,4,155.4,EUR,2026-04-20,Completed
100062,5260,20,6,10.93,GBP,2026-04-20,Completed
100063,5099,10,7,14.95,EUR,2026-04-20,Shipped
100064,5155,14,7,53.43,GBP,2026-04-20,Cancelled
100065,5311,13,1,15.33,EUR,2026-04-20,Completed
100066,5087,11,8,55.92,GBP,2026-04-20,Shipped
100067,5121,3,5,64.14,GBP,2026-04-20,Shipped
100068,5313,10,4,1914.0,JPY,2026-04-20,Completed
100069,5197,3,8,60.88,EUR,2026-04-20,Shipped
100070,5055,16,7,105.24,EUR,2026-04-20,Shipped
100071,5026,14,4,51.72,EUR,2026-04-20,Returned
100072,5272,18,4,15922.0,JPY,2026-04-20,Completed
100073,5259,18,6,20340.0,JPY,2026-04-20,Cancelled
100074,5127,14,8,6388.0,JPY,2026-04-20,Pending
100075,5147,9,8,85.48,GBP,2026-04-20,Completed
100076,5078,8,5,23.21,EUR,2026-04-20,Cancelled
100077,5209,8,7,23.06,GBP,2026-04-20,Shipped
100078,5300,11,8,54.19,EUR,2026-04-20,Completed
100079,5200,1,7,137.03,GBP,2026-04-20,Cancelled
100080,5200,14,4,51.15,GBP,2026-04-20,Completed
100081,5319,11,7,63.69,GBP,2026-04-20,Pending
100082,5220,18,1,17023.0,JPY,2026-04-20,Shipped
100083,5233,5,8,158.32,EUR,2026-04-20,Completed
100084,5130,11,6,8970.0,JPY,2026-04-20,Completed
100085,5180,3,8,79.57,EUR,2026-04-20,Shipped
100086,5103,8,2,4503.0,JPY,2026-04-20,Shipped
100087,5112,1,3,127.77,EUR,2026-04-20,Completed
100088,5059,15,5,22447.0,JPY,2026-04-20,Completed
100089,5347,6,5,145.28,EUR,2026-04-20,Completed
100090,5125,13,7,2135.0,JPY,2026-04-20,Completed
100091,5022,4,5,7620.0,JPY,2026-04-20,Shipped
100092,5007,12,7,123.96,GBP,2026-04-20,Completed
100093,5236,14,8,53.78,EUR,2026-04-20,Returned
100094,5316,5,7,176.88,EUR,2026-04-20,Shipped
100095,5166,18,8,140.55,GBP,2026-04-20,Pending
100096,5292,8,2,29.41,EUR,2026-04-20,Completed
100097,5250,20,7,9.04,EUR,2026-04-20,Completed
100098,5142,7,6,32659.0,JPY,2026-04-20,Completed
100099,5209,18,1,124.21,GBP,2026-04-20,Completed
100100,5009,16,4,126.22,GBP,2026-04-20,Shipped
100101,5298,3,5,63.47,EUR,2026-04-20,Shipped
100102,5282,12,8,138.03,GBP,2026-04-20,Completed
100103,5062,11,6,50.98,GBP,2026-04-20,Completed
100104,5095,7,6,220.16,EUR,2026-04-20,Shipped
100105,5269,7,4,208.25,GBP,2026-04-20,Completed
100106,5155,20,5,1158.0,JPY,2026-04-20,Pending
100107,5065,1,3,149.83,EUR,2026-04-20,Returned
100108,5095,16,2,16617.0,JPY,2026-04-20,Shipped
100109,5038,2,5,1982.0,JPY,2026-04-20,Completed
100110,5044,19,1,212.32,EUR,2026-04-20,Pending
100111,5317,8,2,27.98,GBP,2026-04-20,Completed
100112,5220,8,7,30.42,GBP,2026-04-20,Completed
100113,5107,10,1,16.92,GBP,2026-04-20,Pending
100114,5039,7,5,179.56,GBP,2026-04-20,Completed
100115,5017,6,1,153.65,EUR,2026-04-20,Shipped
100116,5120,8,5,26.67,GBP,2026-04-20,Shipped
100117,5137,9,4,104.92,GBP,2026-04-20,Shipped
100118,5292,5,2,173.69,EUR,2026-04-20,Pending
100119,5140,10,8,15.68,EUR,2026-04-20,Shipped
100120,5166,17,8,63.56,GBP,2026-04-20,Shipped
100121,5295,20,5,10.19,EUR,2026-04-20,Completed
100122,5090,19,1,19776.0,JPY,2026-04-20,Shipped
100123,5252,16,8,18294.0,JPY,2026-04-20,Completed
100124,5083,3,8,71.92,EUR,2026-04-20,Completed
100125,5282,11,7,64.18,GBP,2026-04-20,Completed
100126,5207,2,8,11.84,EUR,2026-04-20,Completed
100127,5097,17,1,54.44,GBP,2026-04-20,Shipped
100128,5027,17,6,54.99,GBP,2026-04-20,Completed
100129,5249,7,5,197.8,GBP,2026-04-20,Cancelled
100130,5283,4,1,6268.0,JPY,2026-04-20,Shipped
100131,5237,1,7,167.9,EUR,2026-04-20,Returned
100132,5140,4,3,56.87,GBP,2026-04-20,Shipped
100133,5307,14,8,6816.0,JPY,2026-04-20,Completed
100134,5260,17,3,8112.0,JPY,2026-04-20,Completed
100135,5338,9,1,102.85,EUR,2026-04-20,Completed
100136,5279,16,3,119.37,GBP,2026-04-20,Completed
100137,5197,13,8,2025.0,JPY,2026-04-20,Pending
100138,5196,8,7,28.99,EUR,2026-04-20,Pending
100139,5303,13,3,13.98,GBP,2026-04-20,Completed
100140,5074,11,2,7490.0,JPY,2026-04-20,Completed
100141,5320,14,3,47.28,EUR,2026-04-20,Pending
100142,5163,13,2,2041.0,JPY,2026-04-20,Pending
100143,5148,16,1,134.59,GBP,2026-04-20,Completed
100144,5052,8,2,28.33,GBP,2026-04-20,Completed
100145,5029,15,3,126.26,GBP,2026-04-20,Cancelled
100146,5290,10,6,14.83,EUR,2026-04-20,Completed
100147,5350,6,3,149.02,EUR,2026-04-20,Shipped
100148,5131,8,8,3345.0,JPY,2026-04-20,Completed
100149,5177,1,8,17241.0,JPY,2026-04-20,Shipped
100150,5155,19,5,168.38,GBP,2026-04-20,Completed
100151,5152,7,7,25080.0,JPY,2026-04-20,Completed
100152,5026,10,1,1864.0,JPY,2026-04-20,Shipped
100153,5181,20,8,1306.0,JPY,2026-04-20,Cancelled
100154,5338,8,4,29.13,GBP,2026-04-20,Shipped
100155,5297,5,2,20857.0,JPY,2026-04-20,Shipped
100156,5090,12,3,127.99,EUR,2026-04-20,Completed
100157,5140,7,3,26043.0,JPY,2026-04-20,Cancelled
100158,5174,6,5,22827.0,JPY,2026-04-20,Cancelled
100159,5346,4,8,9821.0,JPY,2026-04-20,Completed
100160,5064,13,6,12.85,EUR,2026-04-20,Completed
100161,5327,15,6,153.74,GBP,2026-04-20,Shipped
100162,5288,12,2,122.84,GBP,2026-04-20,Completed
100163,5155,11,4,55.03,GBP,2026-04-20,Shipped
100164,5253,14,2,47.97,EUR,2026-04-20,Cancelled
100165,5190,4,2,54.55,EUR,2026-04-20,Shipped
100166,5336,18,7,154.17,GBP,2026-04-20,Pending
100167,5190,4,8,52.44,GBP,2026-04-20,Cancelled
100168,5189,7,8,192.59,GBP,2026-04-20,Completed
100169,5233,18,6,158.02,EUR,2026-04-20,Completed
100170,5171,3,4,56.86,GBP,2026-04-20,Shipped
100171,5301,8,3,4134.0,JPY,2026-04-20,Completed
100172,5002,7,4,229.7,EUR,2026-04-20,Completed
100173,5014,9,3,13142.0,JPY,2026-04-20,Shipped
100174,5009,5,1,173.34,EUR,2026-04-20,Pending
100175,5033,6,5,156.63,EUR,2026-04-20,Pending
100176,5315,16,8,14829.0,JPY,2026-04-20,Shipped
100177,5246,2,5,11.59,GBP,2026-04-20,Returned
100178,5038,13,7,15.93,GBP,2026-04-20,Completed
100179,5325,3,6,62.75,GBP,2026-04-20,Completed
100180,5259,19,6,171.2,EUR,2026-04-20,Shipped
100181,5334,20,7,10.77,EUR,2026-04-20,Shipped
100182,5233,18,4,132.23,GBP,2026-04-20,Cancelled
100183,5131,13,7,13.08,GBP,2026-04-20,Completed
100184,5044,12,3,101.55,GBP,2026-04-20,Completed
100185,5285,3,7,75.2,EUR,2026-04-20,Pending
100186,5217,2,6,15.37,GBP,2026-04-20,Completed
100187,5109,2,5,14.0,GBP,2026-04-20,Completed
100188,5189,5,8,188.07,EUR,2026-04-20,Completed
100189,5319,4,5,63.39,GBP,2026-04-20,Pending
100190,5015,20,1,10.25,GBP,2026-04-20,Shipped
100191,5004,6,5,146.76,GBP,2026-04-20,Completed
100192,5325,6,3,136.26,GBP,2026-04-20,Completed
100193,5175,1,2,143.12,GBP,2026-04-20,Completed
100194,5306,6,6,178.65,EUR,2026-04-20,Completed
100195,5042,3,1,57.52,EUR,2026-04-20,Pending
100196,5140,9,8,97.91,GBP,2026-04-20,Completed
100197,5304,7,2,214.37,EUR,2026-04-20,Completed
100198,5004,16,5,130.91,EUR,2026-04-20,Completed
100199,5062,7,5,27885.0,JPY,2026-04-20,Pending
100200,5118,1,8,141.13,GBP,2026-04-20,Completed
100201,5010,17,6,47.33,EUR,2026-04-20,Pending
100202,5214,15,2,21961.0,JPY,2026-04-20,Shipped
100203,5317,10,2,13.03,EUR,2026-04-20,Returned
100204,5302,15,6,136.33,EUR,2026-04-20,Pending
100205,5171,13,2,13.21,EUR,2026-04-20,Completed
100206,5179,6,2,155.77,GBP,2026-04-20,Completed
100207,5309,12,3,105.82,EUR,2026-04-20,Completed
100208,5289,5,2,167.9,EUR,2026-04-20,Pending
100209,5320,19,8,193.08,GBP,2026-04-20,Cancelled
100210,5156,11,6,54.61,EUR,2026-04-20,Completed
100211,5020,9,1,98.58,EUR,2026-04-20,Completed
100212,5315,2,6,2287.0,JPY,2026-04-20,Completed
100213,5022,20,7,10.57,GBP,2026-04-20,Shipped
100214,5032,15,4,131.61,EUR,2026-04-20,Completed
100215,5331,15,2,20601.0,JPY,2026-04-20,Pending
100216,5268,6,1,152.04,EUR,2026-04-20,Completed
100217,5174,20,3,9.24,EUR,2026-04-20,Cancelled
100218,5348,20,1,972.0,JPY,2026-04-20,Shipped
100219,5309,13,5,16.19,EUR,2026-04-20,Pending
100220,5159,5,6,192.17,EUR,2026-04-20,Shipped
100221,5193,13,3,13.06,GBP,2026-04-20,Cancelled
100222,5270,11,3,60.25,GBP,2026-04-20,Pending
100223,5110,3,7,63.53,GBP,2026-04-20,Completed
100224,5152,11,8,49.14,EUR,2026-04-20,Returned
100225,5306,4,1,58.99,GBP,2026-04-20,Cancelled
100226,5085,13,3,15.26,EUR,2026-04-20,Pending
100227,5228,15,1,136.03,EUR,2026-04-20,Shipped
100228,5241,20,5,1088.0,JPY,2026-04-20,Pending
100229,5145,7,6,197.97,GBP,2026-04-20,Shipped
100230,5129,13,7,1857.0,JPY,2026-04-20,Pending
100231,5064,2,8,1753.0,JPY,2026-04-20,Shipped
100232,5224,10,2,2020.0,JPY,2026-04-20,Completed
100233,5203,3,4,10259.0,JPY,2026-04-20,Cancelled
100234,5015,17,6,53.7,EUR,2026-04-20,Returned
100235,5147,11,2,7380.0,JPY,2026-04-20,Shipped
100236,5010,16,3,19903.0,JPY,2026-04-20,Completed
100237,5057,9,4,14650.0,JPY,2026-04-20,Shipped
100238,5319,10,4,14.28,EUR,2026-04-20,Completed
100239,5009,15,2,154.36,EUR,2026-04-20,Cancelled
100240,5181,17,4,46.55,GBP,2026-04-20,Completed
100241,5185,8,7,27.31,EUR,2026-04-20,Shipped
100242,5192,3,1,71.12,EUR,2026-04-20,Completed
100243,5337,9,1,91.06,EUR,2026-04-20,Completed
100244,5330,4,6,53.58,EUR,2026-04-20,Completed
100245,5235,6,8,16662.0,JPY,2026-04-20,Completed
100246,5162,2,5,15.43,EUR,2026-04-20,Pending
100247,5098,10,7,1950.0,JPY,2026-04-20,Shipped
100248,5189,10,6,1946.0,JPY,2026-04-20,Completed
100249,5096,14,7,49.41,GBP,2026-04-20,Cancelled
100250,5043,16,8,116.53,EUR,2026-04-20,Pending
100251,5151,14,2,45.79,GBP,2026-04-20,Returned
100252,5309,11,2,52.03,EUR,2026-04-20,Shipped
100253,5181,14,3,43.37,GBP,2026-04-20,Completed
100254,5039,20,7,11.08,EUR,2026-04-20,Returned
100255,5016,13,6,12.35,GBP,2026-04-20,Pending
100256,5188,5,8,184.23,EUR,2026-04-20,Completed
100257,5190,12,7,13838.0,JPY,2026-04-20,Completed
100258,5333,12,8,15607.0,JPY,2026-04-20,Shipped
100259,5288,9,4,12102.0,JPY,2026-04-20,Completed
100260,5252,4,5,7138.0,JPY,2026-04-20,Shipped
100261,5228,7,2,179.48,EUR,2026-04-20,Completed
100262,5149,3,6,69.13,GBP,2026-04-20,Shipped
100263,5186,10,3,15.37,GBP,2026-04-20,Cancelled
100264,5253,17,4,49.18,EUR,2026-04-20,Completed
100265,5283,1,6,162.41,GBP,2026-04-20,Completed
100266,5246,5,2,180.7,EUR,2026-04-20,Completed
100267,5329,17,7,7376.0,JPY,2026-04-20,Pending
100268,5283,3,8,59.34,GBP,2026-04-20,Shipped
100269,5064,19,3,27590.0,JPY,2026-04-20,Completed
100270,5116,17,3,64.43,EUR,2026-04-20,Completed
100271,5065,12,5,16918.0,JPY,2026-04-20,Completed
100272,5079,10,2,16.89,GBP,2026-04-20,Completed
100273,5024,6,6,20032.0,JPY,2026-04-20,Shipped
100274,5328,19,5,178.85,GBP,2026-04-20,Pending
100275,5126,1,8,19606.0,JPY,2026-04-20,Shipped
100276,5213,13,5,12.34,GBP,2026-04-20,Shipped
100277,5164,16,8,118.52,EUR,2026-04-20,Shipped
100278,5164,12,7,120.5,EUR,2026-04-20,Completed
100279,5026,8,8,23.77,EUR,2026-04-20,Completed
100280,5168,10,7,2568.0,JPY,2026-04-20,Completed
100281,5240,19,6,215.27,EUR,2026-04-20,Completed
100282,5235,16,5,122.0,GBP,2026-04-20,Completed
100283,5306,8,4,25.07,GBP,2026-04-20,Completed
100284,5136,16,5,123.63,GBP,2026-04-20,Pending
100285,5100,12,7,120.85,EUR,2026-04-20,Completed
100286,5144,12,5,128.67,EUR,2026-04-20,Shipped
100287,5174,20,2,9.2,EUR,2026-04-20,Completed
100288,5024,18,6,18450.0,JPY,2026-04-20,Completed
100289,5077,2,3,13.72,GBP,2026-04-20,Pending
100290,5316,20,3,8.51,EUR,2026-04-20,Shipped
100291,5289,10,6,14.63,GBP,2026-04-20,Shipped
100292,5299,10,8,2397.0,JPY,2026-04-20,Completed
100293,5297,10,1,15.46,GBP,2026-04-20,Completed
100294,5323,19,4,163.38,GBP,2026-04-20,Shipped
100295,5057,20,7,8.08,EUR,2026-04-20,Shipped
100296,5105,7,1,196.06,GBP,2026-04-20,Completed
100297,5107,14,8,5269.0,JPY,2026-04-20,Pending
100298,5236,18,6,20002.0,JPY,2026-04-20,Completed
100299,5349,18,6,153.35,GBP,2026-04-20,Shipped
100300,5116,9,8,101.87,EUR,2026-04-20,Completed
100301,5246,10,5,14.62,GBP,2026-04-20,Shipped
100302,5203,12,5,119.76,EUR,2026-04-20,Shipped
100303,5178,12,3,126.65,EUR,2026-04-20,Completed
100304,5139,15,5,166.16,GBP,2026-04-20,Completed
100305,5125,18,5,140.28,EUR,2026-04-20,Shipped
100306,5242,2,4,13.23,GBP,2026-04-20,Completed
100307,5209,4,3,65.01,EUR,2026-04-20,Shipped
100308,5147,16,8,117.42,GBP,2026-04-20,Pending
100309,5020,2,2,14.74,GBP,2026-04-20,Completed
100310,5204,6,7,27490.0,JPY,2026-04-20,Completed
100311,5005,16,3,21766.0,JPY,2026-04-20,Returned
100312,5269,10,2,2032.0,JPY,2026-04-20,Completed
100313,5084,16,3,13544.0,JPY,2026-04-20,Completed
100314,5152,15,5,141.11,GBP,2026-04-20,Completed
100315,5219,19,4,209.05,EUR,2026-04-20,Pending
100316,5072,17,6,50.06,EUR,2026-04-20,Shipped
100317,5137,16,6,16154.0,JPY,2026-04-20,Completed
100318,5185,11,5,51.17,GBP,2026-04-20,Shipped
100319,5258,8,1,23.94,GBP,2026-04-20,Completed
100320,5114,10,2,14.01,GBP,2026-04-20,Cancelled
100321,5192,8,3,31.61,GBP,2026-04-20,Completed
100322,5349,14,8,8309.0,JPY,2026-04-20,Pending
100323,5289,20,2,9.16,GBP,2026-04-20,Shipped
100324,5085,4,1,6951.0,JPY,2026-04-20,Cancelled
100325,5047,11,8,57.29,EUR,2026-04-20,Completed
100326,5030,17,8,7509.0,JPY,2026-04-20,Completed
100327,5131,18,8,113.99,GBP,2026-04-20,Completed
100328,5033,1,4,139.34,GBP,2026-04-20,Completed
100329,5210,18,1,18186.0,JPY,2026-04-20,Completed
100330,5196,6,3,21483.0,JPY,2026-04-20,Returned
100331,5277,15,7,157.68,EUR,2026-04-20,Shipped
100332,5066,5,6,162.09,EUR,2026-04-20,Returned
100333,5218,8,1,3845.0,JPY,2026-04-20,Returned
100334,5058,18,7,16268.0,JPY,2026-04-20,Completed
100335,5124,2,7,15.44,GBP,2026-04-20,Cancelled
100336,5025,7,2,208.82,EUR,2026-04-20,Completed
100337,5029,8,1,24.48,EUR,2026-04-20,Completed
100338,5296,5,5,172.61,EUR,2026-04-20,Cancelled
100339,5267,20,6,11.21,EUR,2026-04-20,Cancelled
100340,5090,8,7,31.24,EUR,2026-04-20,Completed
100341,5196,14,8,53.92,EUR,2026-04-20,Completed
100342,5095,17,6,52.27,GBP,2026-04-20,Completed
100343,5074,18,8,152.88,EUR,2026-04-20,Completed
100344,5069,15,1,152.35,GBP,2026-04-20,Returned
100345,5231,13,4,11.96,EUR,2026-04-20,Completed
100346,5194,12,2,99.95,GBP,2026-04-20,Pending
100347,5287,20,1,1507.0,JPY,2026-04-20,Completed
100348,5008,7,8,188.49,EUR,2026-04-20,Cancelled
100349,5125,7,4,31733.0,JPY,2026-04-20,Completed
100350,5145,20,4,9.03,EUR,2026-04-20,Completed
100351,5263,13,8,12.83,GBP,2026-04-20,Completed
100352,5164,16,8,125.3,EUR,2026-04-20,Returned
100353,5075,7,6,227.19,EUR,2026-04-20,Completed
100354,5152,1,5,158.2,GBP,2026-04-20,Shipped
100355,5256,5,4,187.38,EUR,2026-04-20,Completed
100356,5329,18,6,157.95,EUR,2026-04-20,Pending
100357,5280,16,8,112.32,EUR,2026-04-20,Pending
100358,5018,16,3,15578.0,JPY,2026-04-20,Shipped
100359,5078,3,1,9433.0,JPY,2026-04-20,Completed
100360,5342,1,4,153.07,GBP,2026-04-20,Completed
100361,5211,20,8,9.72,GBP,2026-04-20,Completed
100362,5009,1,1,171.14,GBP,2026-04-20,Completed
100363,5077,17,7,5772.0,JPY,2026-04-20,Cancelled
100364,5204,8,4,25.74,GBP,2026-04-20,Completed
100365,5154,3,6,8860.0,JPY,2026-04-20,Completed
100366,5029,3,1,69.19,EUR,2026-04-20,Completed
100367,5170,1,3,154.43,EUR,2026-04-20,Pending
100368,5291,19,2,25240.0,JPY,2026-04-20,Cancelled
100369,5279,16,5,145.02,EUR,2026-04-20,Completed
100370,5107,19,1,153.64,EUR,2026-04-20,Pending
100371,5084,19,3,20982.0,JPY,2026-04-20,Shipped
100372,5277,19,4,195.22,GBP,2026-04-20,Pending
100373,5257,11,7,9357.0,JPY,2026-04-20,Completed
100374,5310,12,1,100.93,EUR,2026-04-20,Completed
100375,5231,20,7,1470.0,JPY,2026-04-20,Completed
100376,5349,16,4,123.67,EUR,2026-04-20,Cancelled
100377,5038,19,7,202.83,EUR,2026-04-20,Shipped
100378,5200,3,5,71.08,EUR,2026-04-20,Shipped
100379,5185,11,6,52.06,EUR,2026-04-20,Completed
100380,5285,9,2,98.14,EUR,2026-04-20,Completed
100381,5306,17,7,57.14,EUR,2026-04-20,Completed
100382,5287,20,6,1363.0,JPY,2026-04-20,Completed
100383,5138,8,3,24.95,GBP,2026-04-20,Completed
100384,5248,16,3,123.21,EUR,2026-04-20,Completed
100385,5305,3,6,70.87,EUR,2026-04-20,Completed
100386,5203,20,4,8.0,GBP,2026-04-20,Completed
100387,5334,11,7,7760.0,JPY,2026-04-20,Completed
100388,5246,20,3,10.26,EUR,2026-04-20,Shipped
100389,5252,11,3,7388.0,JPY,2026-04-20,Returned
100390,5187,19,4,202.06,EUR,2026-04-20,Completed
100391,5282,4,4,60.22,GBP,2026-04-20,Shipped
100392,5036,1,8,24033.0,JPY,2026-04-20,Completed
100393,5079,14,8,47.06,EUR,2026-04-20,Completed
100394,5206,14,7,51.04,EUR,2026-04-20,Returned
100395,5275,18,7,129.71,GBP,2026-04-20,Pending
100396,5086,20,2,10.16,EUR,2026-04-20,Completed
100397,5170,20,1,10.1,GBP,2026-04-20,Shipped
100398,5266,14,2,51.59,EUR,2026-04-20,Completed
100399,5302,18,4,148.91,GBP,2026-04-20,Completed
100400,5213,17,3,48.52,EUR,2026-04-20,Completed
100401,5106,3,2,8296.0,JPY,2026-04-20,Pending
100402,5232,17,8,60.35,EUR,2026-04-20,Completed
100403,5176,11,2,48.39,EUR,2026-04-20,Pending
100404,5170,4,3,7814.0,JPY,2026-04-20,Pending
100405,5328,18,7,16133.0,JPY,2026-04-20,Completed
100406,5304,14,7,46.09,EUR,2026-04-20,Shipped
100407,5033,14,7,47.51,EUR,2026-04-20,Completed
100408,5059,19,2,21584.0,JPY,2026-04-20,Shipped
100409,5313,9,8,103.19,GBP,2026-04-20,Shipped
100410,5345,13,2,14.53,EUR,2026-04-20,Pending
100411,5060,10,2,13.37,GBP,2026-04-20,Completed
100412,5071,6,6,150.91,GBP,2026-04-20,Shipped
100413,5331,19,7,186.44,GBP,2026-04-20,Completed
100414,5231,6,3,145.42,GBP,2026-04-20,Completed
100415,5197,20,1,1174.0,JPY,2026-04-20,Returned
100416,5228,18,8,146.02,EUR,2026-04-20,Completed
100417,5150,16,3,137.91,EUR,2026-04-20,Completed
100418,5290,2,5,14.94,EUR,2026-04-20,Completed
100419,5188,16,2,128.48,GBP,2026-04-20,Completed
100420,5335,18,1,16256.0,JPY,2026-04-20,Completed
100421,5045,8,5,3722.0,JPY,2026-04-20,Completed
100422,5180,15,2,22894.0,JPY,2026-04-20,Completed
100423,5106,20,7,8.65,EUR,2026-04-20,Completed
100424,5150,2,6,12.09,GBP,2026-04-20,Shipped
100425,5070,10,5,2462.0,JPY,2026-04-20,Shipped
100426,5128,14,1,6711.0,JPY,2026-04-20,Pending
100427,5296,5,6,24003.0,JPY,2026-04-20,Pending
100428,5048,9,7,109.93,EUR,2026-04-20,Completed
100429,5250,13,5,13.75,GBP,2026-04-20,Cancelled
100430,5326,11,1,7381.0,JPY,2026-04-20,Pending
100431,5254,12,2,20257.0,JPY,2026-04-20,Completed
100432,5249,9,6,14114.0,JPY,2026-04-20,Completed
100433,5009,11,1,62.11,EUR,2026-04-20,Shipped
100434,5104,4,3,65.57,GBP,2026-04-20,Completed
100435,5336,5,5,155.25,EUR,2026-04-20,Cancelled
100436,5027,12,5,124.02,EUR,2026-04-20,Shipped
100437,5047,13,5,13.63,GBP,2026-04-20,Pending
100438,5266,4,1,58.52,EUR,2026-04-20,Completed
100439,5217,15,1,130.07,EUR,2026-04-20,Completed
100440,5053,5,8,181.49,EUR,2026-04-20,Completed
100441,5069,4,6,54.43,EUR,2026-04-20,Completed
100442,5226,5,2,176.85,GBP,2026-04-20,Completed
100443,5227,12,4,114.46,GBP,2026-04-20,Completed
100444,5180,7,2,25389.0,JPY,2026-04-20,Completed
100445,5308,14,6,6738.0,JPY,2026-04-20,Completed
100446,5155,20,5,1520.0,JPY,2026-04-20,Shipped
100447,5123,7,4,171.33,GBP,2026-04-20,Completed
100448,5271,16,7,130.68,EUR,2026-04-20,Completed
100449,5188,1,6,22764.0,JPY,2026-04-20,Completed
100450,5035,18,3,17213.0,JPY,2026-04-20,Returned
100451,5204,1,5,169.69,EUR,2026-04-20,Cancelled
100452,5206,17,5,54.48,GBP,2026-04-20,Shipped
100453,5105,3,3,68.23,EUR,2026-04-20,Completed
100454,5349,5,6,187.45,EUR,2026-04-20,Shipped
100455,5030,3,5,76.01,GBP,2026-04-20,Pending
100456,5342,8,2,3296.0,JPY,2026-04-20,Completed
100457,5255,6,2,129.34,EUR,2026-04-20,Completed
100458,5138,12,5,129.35,EUR,2026-04-20,Completed
100459,5135,4,1,57.16,EUR,2026-04-20,Completed
100460,5291,19,2,156.14,GBP,2026-04-20,Shipped
100461,5346,6,6,176.15,EUR,2026-04-20,Pending
100462,5007,4,4,63.65,GBP,2026-04-20,Completed
100463,5019,8,1,23.85,GBP,2026-04-20,Completed
100464,5164,18,7,155.59,EUR,2026-04-20,Completed
100465,5027,9,2,105.8,GBP,2026-04-20,Completed
100466,5239,6,4,21116.0,JPY,2026-04-20,Returned
100467,5103,10,5,12.21,EUR,2026-04-20,Shipped
100468,5253,10,5,14.02,GBP,2026-04-20,Completed
100469,5278,7,4,169.22,EUR,2026-04-20,Cancelled
100470,5158,12,1,18524.0,JPY,2026-04-20,Completed
100471,5031,4,4,56.55,GBP,2026-04-20,Completed
100472,5267,5,5,191.06,EUR,2026-04-20,Cancelled
100473,5259,14,6,52.82,GBP,2026-04-20,Pending
100474,5067,5,7,164.5,EUR,2026-04-20,Shipped
100475,5168,8,5,29.87,EUR,2026-04-20,Completed
100476,5300,11,8,50.05,EUR,2026-04-20,Completed
100477,5062,4,3,53.1,EUR,2026-04-20,Completed
100478,5062,18,6,15992.0,JPY,2026-04-20,Completed
100479,5111,3,3,10117.0,JPY,2026-04-20,Completed
100480,5263,11,3,52.96,EUR,2026-04-20,Completed
100481,5208,2,5,11.45,EUR,2026-04-20,Returned
100482,5063,15,4,164.42,EUR,2026-04-20,Completed
100483,5191,1,1,19024.0,JPY,2026-04-20,Returned
100484,5331,3,5,9772.0,JPY,2026-04-20,Completed
100485,5063,15,3,165.18,EUR,2026-04-20,Pending
100486,5203,2,8,13.32,EUR,2026-04-20,Cancelled
100487,5096,16,1,120.3,EUR,2026-04-20,Completed
100488,5316,9,5,103.78,GBP,2026-04-20,Completed
100489,5045,8,5,26.9,GBP,2026-04-20,Cancelled
100490,5270,9,7,113.01,EUR,2026-04-20,Completed
100491,5249,8,1,3527.0,JPY,2026-04-20,Pending
100492,5113,12,6,110.72,EUR,2026-04-20,Completed
100493,5300,1,5,148.63,EUR,2026-04-20,Returned
100494,5029,8,3,24.93,EUR,2026-04-20,Shipped
100495,5091,8,7,30.28,EUR,2026-04-20,Pending
100496,5181,8,6,3590.0,JPY,2026-04-20,Shipped
100497,5253,19,3,214.77,GBP,2026-04-20,Completed
100498,5309,18,5,115.6,EUR,2026-04-20,Completed
100499,5104,8,1,30.96,GBP,2026-04-20,Completed
100500,5166,5,6,188.01,GBP,2026-04-20,Cancelled
100501,5057,2,1,11.96,EUR,2026-04-20,Shipped
100502,5052,17,6,8445.0,JPY,2026-04-20,Completed
100503,5224,11,5,60.13,EUR,2026-04-20,Returned
100504,5315,16,6,134.99,EUR,2026-04-20,Returned
100505,5151,12,4,113.12,GBP,2026-04-20,Pending
100506,5201,5,3,194.01,GBP,2026-04-20,Cancelled
100507,5314,19,1,203.5,EUR,2026-04-20,Completed
100508,5164,8,2,3655.0,JPY,2026-04-20,Completed
100509,5006,6,2,21499.0,JPY,2026-04-20,Shipped
100510,5056,9,4,91.59,EUR,2026-04-20,Completed
100511,5212,1,1,170.72,EUR,2026-04-20,Pending
100512,5296,16,7,140.83,EUR,2026-04-20,Completed
100513,5011,8,3,22.77,GBP,2026-04-20,Pending
100514,5039,11,5,6426.0,JPY,2026-04-20,Completed
100515,5016,18,2,154.54,EUR,2026-04-20,Returned
100516,5170,14,3,43.57,GBP,2026-04-20,Completed
100517,5277,7,4,231.43,EUR,2026-04-20,Shipped
100518,5282,9,5,96.23,EUR,2026-04-20,Completed
100519,5339,16,3,108.79,EUR,2026-04-20,Completed
100520,5150,20,8,8.53,EUR,2026-04-20,Completed
100521,5339,3,8,8826.0,JPY,2026-04-20,Completed
100522,5196,9,2,95.49,GBP,2026-04-20,Completed
100523,5116,12,3,116.61,GBP,2026-04-20,Completed
100524,5343,9,1,86.13,EUR,2026-04-20,Shipped
100525,5268,12,7,17862.0,JPY,2026-04-20,Shipped
100526,5203,14,8,47.87,GBP,2026-04-20,Completed
100527,5086,2,3,12.11,EUR,2026-04-20,Pending
100528,5223,7,4,235.76,EUR,2026-04-20,Completed
100529,5035,7,3,34922.0,JPY,2026-04-20,Completed
100530,5267,3,7,76.24,GBP,2026-04-20,Shipped
100531,5213,15,1,19843.0,JPY,2026-04-20,Shipped
100532,5052,5,3,194.94,GBP,2026-04-20,Shipped
100533,5136,4,2,9616.0,JPY,2026-04-20,Pending
100534,5207,13,8,12.41,GBP,2026-04-20,Completed
100535,5122,5,7,158.55,EUR,2026-04-20,Cancelled
100536,5156,2,8,1683.0,JPY,2026-04-20,Cancelled
100537,5117,10,5,2400.0,JPY,2026-04-20,Pending
100538,5214,5,5,23513.0,JPY,2026-04-20,Completed
100539,5249,20,2,10.68,EUR,2026-04-20,Completed
100540,5260,17,6,6317.0,JPY,2026-04-20,Shipped
100541,5103,13,3,1743.0,JPY,2026-04-20,Shipped
100542,5102,2,4,12.98,EUR,2026-04-20,Completed
100543,5016,9,6,12535.0,JPY,2026-04-20,Shipped
100544,5243,8,6,31.35,GBP,2026-04-20,Completed
100545,5047,19,6,168.92,EUR,2026-04-20,Pending
100546,5110,10,1,15.04,EUR,2026-04-20,Completed
100547,5011,8,4,26.25,GBP,2026-04-20,Completed
100548,5130,1,8,17557.0,JPY,2026-04-20,Shipped
100549,5193,20,5,8.88,GBP,2026-04-20,Shipped
100550,5320,12,8,125.16,EUR,2026-04-20,Completed
100551,5192,13,2,16.2,EUR,2026-04-20,Returned
100552,5142,18,5,115.95,EUR,2026-04-20,Completed
100553,5153,11,5,63.17,EUR,2026-04-20,Shipped
100554,5308,7,3,171.49,GBP,2026-04-20,Completed
100555,5152,13,6,14.71,GBP,2026-04-20,Pending
100556,5293,9,7,102.72,EUR,2026-04-20,Pending
100557,5244,7,6,204.46,GBP,2026-04-20,Completed
100558,5050,12,5,16281.0,JPY,2026-04-20,Pending
100559,5094,16,3,129.17,GBP,2026-04-20,Pending
100560,5216,11,2,62.77,EUR,2026-04-20,Completed
100561,5241,11,6,62.39,EUR,2026-04-20,Completed
100562,5349,2,2,11.86,GBP,2026-04-20,Completed
100563,5103,13,5,12.3,EUR,2026-04-20,Cancelled
100564,5093,11,7,7843.0,JPY,2026-04-20,Cancelled
100565,5030,3,8,63.64,EUR,2026-04-20,Returned
100566,5082,1,8,130.5,EUR,2026-04-20,Pending
100567,5220,16,2,123.57,EUR,2026-04-20,Completed
100568,5008,16,7,136.59,EUR,2026-04-20,Shipped
100569,5116,11,4,60.15,EUR,2026-04-20,Completed
100570,5086,12,5,121.59,EUR,2026-04-20,Completed
100571,5306,3,1,73.26,EUR,2026-04-20,Completed
100572,5251,17,6,49.08,GBP,2026-04-20,Shipped
100573,5010,12,4,130.59,EUR,2026-04-20,Cancelled
100574,5302,8,4,29.26,GBP,2026-04-20,Completed
100575,5193,17,3,61.69,EUR,2026-04-20,Shipped
100576,5011,9,1,86.52,GBP,2026-04-20,Completed
100577,5243,2,2,13.85,EUR,2026-04-20,Completed
100578,5339,5,4,156.81,GBP,2026-04-20,Shipped
100579,5054,4,5,55.13,GBP,2026-04-20,Shipped
100580,5312,17,2,56.05,EUR,2026-04-20,Pending
100581,5083,7,5,25262.0,JPY,2026-04-20,Returned
100582,5007,2,8,1684.0,JPY,2026-04-20,Shipped
100583,5262,3,2,7094.0,JPY,2026-04-20,Shipped
100584,5136,3,2,10317.0,JPY,2026-04-20,Shipped
100585,5149,15,1,125.93,EUR,2026-04-20,Completed
100586,5024,12,6,132.17,GBP,2026-04-20,Completed
100587,5225,1,3,139.99,GBP,2026-04-20,Completed
100588,5206,20,5,1302.0,JPY,2026-04-20,Completed
100589,5216,13,8,15.64,EUR,2026-04-20,Completed
100590,5082,6,2,180.77,EUR,2026-04-20,Pending
100591,5313,4,7,7691.0,JPY,2026-04-20,Completed
100592,5067,13,6,15.78,GBP,2026-04-20,Pending
100593,5134,16,8,106.99,EUR,2026-04-20,Completed
100594,5296,11,1,60.8,GBP,2026-04-20,Shipped
100595,5317,19,4,23641.0,JPY,2026-04-20,Shipped
100596,5347,4,7,53.72,GBP,2026-04-20,Completed
100597,5330,13,3,1910.0,JPY,2026-04-20,Shipped
100598,5124,6,8,17871.0,JPY,2026-04-20,Pending
100599,5207,11,5,58.44,EUR,2026-04-20,Completed
100600,5256,8,2,26.61,GBP,2026-04-20,Pending
100601,5053,15,6,157.25,EUR,2026-04-20,Completed
100602,5310,13,7,15.53,EUR,2026-04-20,Shipped
100603,5175,20,5,1348.0,JPY,2026-04-20,Shipped
100604,5308,12,1,16208.0,JPY,2026-04-20,Pending
100605,5114,16,6,137.83,GBP,2026-04-20,Completed
100606,5281,1,6,162.22,EUR,2026-04-20,Shipped
100607,5072,17,6,49.66,GBP,2026-04-20,Completed
100608,5202,14,2,44.75,EUR,2026-04-20,Completed
100609,5024,7,8,27733.0,JPY,2026-04-20,Completed
100610,5069,19,2,29737.0,JPY,2026-04-20,Completed
100611,5300,16,1,145.44,GBP,2026-04-20,Completed
100612,5054,16,3,140.25,GBP,2026-04-20,Completed
100613,5128,13,6,16.26,GBP,2026-04-20,Completed
100614,5212,9,7,11826.0,JPY,2026-04-20,Returned
100615,5284,20,5,1300.0,JPY,2026-04-20,Shipped
100616,5345,7,4,214.94,EUR,2026-04-20,Shipped
100617,5060,5,3,158.03,GBP,2026-04-20,Shipped
100618,5346,12,8,126.49,GBP,2026-04-20,Cancelled
100619,5196,18,5,13545.0,JPY,2026-04-20,Completed
100620,5083,5,1,182.61,GBP,2026-04-20,Completed
100621,5105,10,5,16.1,EUR,2026-04-20,Completed
100622,5346,18,1,141.64,EUR,2026-04-20,Completed
100623,5148,18,4,124.04,GBP,2026-04-20,Shipped
100624,5161,2,7,15.85,EUR,2026-04-20,Returned
100625,5227,18,1,141.85,EUR,2026-04-20,Completed
100626,5100,8,6,4096.0,JPY,2026-04-20,Shipped
100627,5089,10,8,13.11,EUR,2026-04-20,Shipped
100628,5067,17,2,57.18,EUR,2026-04-20,Completed
100629,5021,6,5,178.44,EUR,2026-04-20,Completed
100630,5339,5,6,175.44,GBP,2026-04-20,Pending
100631,5270,10,8,1797.0,JPY,2026-04-20,Shipped
100632,5279,8,3,23.94,GBP,2026-04-20,Pending
100633,5170,18,7,122.91,EUR,2026-04-20,Completed
100634,5244,11,6,57.96,EUR,2026-04-20,Returned
100635,5329,18,1,124.16,EUR,2026-04-20,Completed
100636,5059,20,4,1369.0,JPY,2026-04-20,Shipped
100637,5192,13,5,15.93,GBP,2026-04-20,Completed
100638,5165,17,8,59.0,GBP,2026-04-20,Completed
100639,5004,17,2,8851.0,JPY,2026-04-20,Completed
100640,5218,3,4,76.44,GBP,2026-04-20,Pending
100641,5223,4,4,65.92,GBP,2026-04-20,Shipped
100642,5038,3,3,57.24,EUR,2026-04-20,Shipped
100643,5133,2,3,1734.0,JPY,2026-04-20,Shipped
100644,5200,14,7,48.18,GBP,2026-04-20,Completed
100645,5300,4,1,61.66,GBP,2026-04-20,Shipped
100646,5155,2,2,12.65,EUR,2026-04-20,Shipped
100647,5339,20,2,9.23,EUR,2026-04-20,Cancelled
100648,5280,1,8,159.55,EUR,2026-04-20,Completed
100649,5332,10,3,17.01,EUR,2026-04-20,Cancelled
100650,5003,12,1,102.84,GBP,2026-04-20,Shipped
100651,5177,19,7,171.81,GBP,2026-04-20,Cancelled
100652,5316,7,7,21706.0,JPY,2026-04-20,Pending
100653,5028,9,4,102.18,EUR,2026-04-20,Shipped
100654,5129,18,8,144.23,GBP,2026-04-20,Completed
100655,5066,4,4,53.43,GBP,2026-04-20,Completed
100656,5249,8,2,24.26,EUR,2026-04-20,Completed
100657,5290,15,6,153.72,GBP,2026-04-20,Completed
100658,5114,19,6,20820.0,JPY,2026-04-20,Returned
100659,5237,14,5,8329.0,JPY,2026-04-20,Completed
100660,5042,15,6,18232.0,JPY,2026-04-20,Completed
100661,5039,9,3,15105.0,JPY,2026-04-20,Completed
100662,5019,1,1,19845.0,JPY,2026-04-20,Shipped
100663,5077,18,5,134.95,GBP,2026-04-20,Returned
100664,5149,12,7,127.42,EUR,2026-04-20,Pending
100665,5006,5,8,160.41,GBP,2026-04-20,Completed
100666,5290,8,3,3295.0,JPY,2026-04-20,Completed
100667,5136,5,8,22772.0,JPY,2026-04-20,Completed
100668,5185,12,4,134.45,EUR,2026-04-20,Completed
100669,5053,13,8,1660.0,JPY,2026-04-20,Cancelled
100670,5335,17,5,6945.0,JPY,2026-04-20,Completed
100671,5129,13,6,11.96,GBP,2026-04-20,Cancelled
100672,5250,13,4,15.72,GBP,2026-04-20,Completed
100673,5040,16,1,112.16,GBP,2026-04-20,Completed
100674,5061,17,5,53.46,EUR,2026-04-20,Completed
100675,5108,8,7,3611.0,JPY,2026-04-20,Pending
100676,5066,19,3,167.98,GBP,2026-04-20,Completed
100677,5076,19,3,208.66,EUR,2026-04-20,Shipped
100678,5307,2,3,15.77,EUR,2026-04-20,Completed
100679,5111,19,1,31233.0,JPY,2026-04-20,Pending
100680,5299,15,8,23118.0,JPY,2026-04-20,Completed
100681,5306,6,5,177.64,EUR,2026-04-20,Shipped
100682,5104,19,2,159.48,EUR,2026-04-20,Completed
100683,5308,17,7,7541.0,JPY,2026-04-20,Shipped
100684,5277,2,2,15.5,EUR,2026-04-20,Shipped
100685,5272,1,7,124.21,GBP,2026-04-20,Completed
100686,5295,14,4,7240.0,JPY,2026-04-20,Completed
100687,5043,4,7,51.52,EUR,2026-04-20,Completed
100688,5004,10,7,15.9,EUR,2026-04-20,Completed
100689,5162,19,2,165.57,GBP,2026-04-20,Completed
100690,5134,14,6,52.9,EUR,2026-04-20,Completed
100691,5204,18,7,159.12,GBP,2026-04-20,Shipped
100692,5287,7,7,179.9,GBP,2026-04-20,Shipped
100693,5204,18,8,129.0,EUR,2026-04-20,Completed
100694,5083,5,2,179.68,GBP,2026-04-20,Completed
100695,5315,4,4,62.53,GBP,2026-04-20,Pending
100696,5075,2,3,15.05,EUR,2026-04-20,Shipped
100697,5312,16,7,121.03,EUR,2026-04-20,Completed
100698,5306,2,7,1815.0,JPY,2026-04-20,Completed
100699,5337,2,3,12.24,GBP,2026-04-20,Completed
100700,5119,17,5,56.3,EUR,2026-04-20,Pending
100701,5081,20,3,10.12,GBP,2026-04-20,Completed
100702,5266,3,5,9072.0,JPY,2026-04-20,Completed
100703,5299,1,2,21773.0,JPY,2026-04-20,Shipped
100704,5207,12,6,15016.0,JPY,2026-04-20,Completed
100705,5038,19,1,159.35,EUR,2026-04-20,Completed
100706,5132,17,5,56.35,EUR,2026-04-20,Completed
100707,5125,18,5,139.18,GBP,2026-04-20,Returned
100708,5247,11,8,62.6,GBP,2026-04-20,Cancelled
100709,5347,4,5,66.27,EUR,2026-04-20,Shipped
100710,5135,8,6,27.42,EUR,2026-04-20,Completed
100711,5039,8,5,30.06,EUR,2026-04-20,Shipped
100712,5138,18,3,154.59,GBP,2026-04-20,Completed
100713,5136,6,4,167.73,GBP,2026-04-20,Completed
100714,5080,7,4,210.25,EUR,2026-04-20,Completed
100715,5278,4,2,8355.0,JPY,2026-04-20,Shipped
100716,5295,2,8,15.49,EUR,2026-04-20,Completed
100717,5204,9,8,100.27,EUR,2026-04-20,Pending
100718,5277,8,3,26.89,EUR,2026-04-20,Pending
100719,5062,2,6,12.12,EUR,2026-04-20,Shipped
100720,5195,17,8,59.43,EUR,2026-04-20,Completed
100721,5281,19,2,168.98,EUR,2026-04-20,Shipped
100722,5095,9,4,94.53,EUR,2026-04-20,Returned
100723,5206,16,7,121.1,EUR,2026-04-20,Shipped
100724,5118,9,8,102.47,EUR,2026-04-20,Completed
100725,5077,4,5,7812.0,JPY,2026-04-20,Shipped
100726,5323,16,1,148.04,EUR,2026-04-20,Completed
100727,5204,17,6,7889.0,JPY,2026-04-20,Completed
100728,5323,4,3,56.25,EUR,2026-04-20,Pending
100729,5286,4,8,54.0,GBP,2026-04-20,Completed
100730,5311,9,6,112.42,EUR,2026-04-20,Completed
100731,5229,7,3,25729.0,JPY,2026-04-20,Completed
100732,5086,3,7,78.56,GBP,2026-04-20,Completed
100733,5037,11,7,62.35,GBP,2026-04-20,Shipped
100734,5137,3,3,71.52,EUR,2026-04-20,Completed
100735,5186,20,7,10.81,EUR,2026-04-20,Completed
100736,5121,19,8,154.11,EUR,2026-04-20,Completed
100737,5243,9,2,86.09,EUR,2026-04-20,Completed
100738,5043,18,1,148.57,EUR,2026-04-20,Completed
100739,5200,4,5,65.06,GBP,2026-04-20,Completed
100740,5068,10,4,15.31,EUR,2026-04-20,Completed
100741,5167,17,3,63.0,EUR,2026-04-20,Shipped
100742,5277,16,8,15507.0,JPY,2026-04-20,Shipped
100743,5269,6,8,158.64,GBP,2026-04-20,Shipped
100744,5158,18,5,14650.0,JPY,2026-04-20,Completed
100745,5070,12,7,97.87,EUR,2026-04-20,Completed
100746,5245,12,5,135.03,GBP,2026-04-20,Completed
100747,5281,10,1,2226.0,JPY,2026-04-20,Pending
100748,5084,12,4,113.78,EUR,2026-04-20,Shipped
100749,5265,13,7,14.57,EUR,2026-04-20,Completed
100750,5212,20,5,10.63,EUR,2026-04-20,Pending
100751,5317,7,2,211.51,EUR,2026-04-20,Completed
100752,5078,15,5,140.27,GBP,2026-04-20,Completed
100753,5225,2,1,12.56,EUR,2026-04-20,Completed
100754,5216,1,4,132.94,EUR,2026-04-20,Completed
100755,5075,10,8,2069.0,JPY,2026-04-20,Completed
100756,5129,2,5,1655.0,JPY,2026-04-20,Completed
100757,5227,13,1,12.77,EUR,2026-04-20,Pending
100758,5341,8,1,23.33,EUR,2026-04-20,Pending
100759,5082,7,8,232.17,EUR,2026-04-20,Returned
100760,5027,2,2,12.23,EUR,2026-04-20,Shipped
100761,5142,7,2,168.61,EUR,2026-04-20,Completed
100762,5298,19,2,213.56,EUR,2026-04-20,Completed
100763,5047,16,3,111.82,EUR,2026-04-20,Completed
100764,5331,20,6,1177.0,JPY,2026-04-20,Returned
100765,5331,5,2,195.9,EUR,2026-04-20,Completed
100766,5069,12,8,113.09,GBP,2026-04-20,Completed
100767,5251,9,1,92.88,GBP,2026-04-20,Completed
100768,5307,7,3,199.89,GBP,2026-04-20,Completed
100769,5135,18,3,126.74,EUR,2026-04-20,Completed
100770,5095,18,6,136.52,GBP,2026-04-20,Pending
100771,5276,1,6,22365.0,JPY,2026-04-20,Completed
100772,5314,13,4,14.22,GBP,2026-04-20,Completed
100773,5338,10,6,12.65,EUR,2026-04-20,Completed
100774,5249,3,1,9433.0,JPY,2026-04-20,Completed
100775,5251,7,2,194.38,EUR,2026-04-20,Shipped
100776,5007,17,5,60.27,EUR,2026-04-20,Completed
100777,5185,7,8,28091.0,JPY,2026-04-20,Pending
100778,5271,18,7,16159.0,JPY,2026-04-20,Pending
100779,5052,2,2,1671.0,JPY,2026-04-20,Completed
100780,5321,8,7,24.77,EUR,2026-04-20,Shipped
100781,5346,6,7,159.31,GBP,2026-04-20,Pending
100782,5173,15,7,17447.0,JPY,2026-04-20,Completed
100783,5191,6,8,24454.0,JPY,2026-04-20,Cancelled
100784,5193,14,7,6410.0,JPY,2026-04-20,Completed
100785,5001,18,5,157.63,EUR,2026-04-20,Completed
100786,5155,2,5,15.93,GBP,2026-04-20,Shipped
100787,5142,1,5,20106.0,JPY,2026-04-20,Completed
100788,5136,18,3,120.24,EUR,2026-04-20,Completed
100789,5205,12,4,101.57,EUR,2026-04-20,Pending
100790,5089,19,4,202.5,GBP,2026-04-20,Pending
100791,5296,16,2,136.6,GBP,2026-04-20,Completed
100792,5223,13,2,1979.0,JPY,2026-04-20,Cancelled
100793,5006,14,2,7523.0,JPY,2026-04-20,Completed
100794,5077,13,1,14.16,EUR,2026-04-20,Completed
100795,5229,11,4,65.17,EUR,2026-04-20,Shipped
100796,5068,20,2,9.27,EUR,2026-04-20,Completed
100797,5135,11,2,56.62,GBP,2026-04-20,Pending
100798,5070,3,7,59.39,GBP,2026-04-20,Pending
100799,5316,16,4,113.48,GBP,2026-04-20,Shipped
100800,5295,17,4,54.76,EUR,2026-04-20,Completed
100801,5165,3,2,64.45,GBP,2026-04-20,Completed
100802,5227,12,1,16554.0,JPY,2026-04-20,Completed
100803,5192,20,3,8.74,GBP,2026-04-20,Cancelled
100804,5076,5,2,194.02,EUR,2026-04-20,Completed
100805,5242,10,1,13.7,EUR,2026-04-20,Pending
100806,5268,1,6,132.27,EUR,2026-04-20,Shipped
100807,5343,9,8,106.54,GBP,2026-04-20,Returned
100808,5088,1,7,124.21,GBP,2026-04-20,Shipped
100809,5239,2,5,12.57,EUR,2026-04-20,Shipped
100810,5338,1,2,164.84,EUR,2026-04-20,Completed
100811,5119,12,2,124.04,EUR,2026-04-20,Pending
100812,5102,13,2,1710.0,JPY,2026-04-20,Completed
100813,5272,17,8,47.28,GBP,2026-04-20,Shipped
100814,5181,10,6,12.26,GBP,2026-04-20,Pending
100815,5032,12,5,118.07,EUR,2026-04-20,Returned
100816,5144,9,7,11502.0,JPY,2026-04-20,Pending
100817,5196,8,3,23.74,EUR,2026-04-20,Completed
100818,5160,17,4,54.69,EUR,2026-04-20,Shipped
100819,5298,20,6,10.12,GBP,2026-04-20,Completed
100820,5070,18,4,19820.0,JPY,2026-04-20,Completed
100821,5035,14,3,45.4,GBP,2026-04-20,Shipped
100822,5016,18,2,119.75,EUR,2026-04-20,Pending
100823,5327,11,7,8928.0,JPY,2026-04-20,Completed
100824,5314,9,3,12968.0,JPY,2026-04-20,Completed
100825,5119,20,5,9.93,GBP,2026-04-20,Shipped
100826,5310,1,6,128.76,EUR,2026-04-20,Pending
100827,5084,16,6,125.49,EUR,2026-04-20,Completed
100828,5139,7,4,168.6,EUR,2026-04-20,Pending
100829,5034,14,4,55.93,GBP,2026-04-20,Returned
100830,5127,6,8,19456.0,JPY,2026-04-20,Completed
100831,5202,14,7,8211.0,JPY,2026-04-20,Shipped
100832,5022,20,1,10.69,GBP,2026-04-20,Completed
100833,5026,8,7,3793.0,JPY,2026-04-20,Completed
100834,5147,7,5,220.95,GBP,2026-04-20,Cancelled
100835,5265,15,3,126.7,GBP,2026-04-20,Shipped
100836,5300,5,8,21636.0,JPY,2026-04-20,Completed
100837,5233,18,3,114.14,EUR,2026-04-20,Completed
100838,5084,19,4,24387.0,JPY,2026-04-20,Completed
100839,5269,4,2,54.05,EUR,2026-04-20,Completed
100840,5172,13,3,15.25,EUR,2026-04-20,Completed
100841,5027,19,3,201.01,EUR,2026-04-20,Completed
100842,5321,14,5,50.46,EUR,2026-04-20,Pending
100843,5007,6,2,18774.0,JPY,2026-04-20,Returned
100844,5122,15,8,18669.0,JPY,2026-04-20,Shipped
100845,5004,7,8,209.05,GBP,2026-04-20,Completed
100846,5026,8,5,30.1,GBP,2026-04-20,Shipped
100847,5017,6,3,136.45,EUR,2026-04-20,Completed
100848,5092,19,5,159.5,EUR,2026-04-20,Completed
100849,5288,6,5,160.28,GBP,2026-04-20,Shipped
100850,5154,6,8,130.64,GBP,2026-04-20,Completed
100851,5034,11,6,9016.0,JPY,2026-04-20,Pending
100852,5270,10,8,13.55,EUR,2026-04-20,Shipped
100853,5323,14,4,44.55,GBP,2026-04-20,Shipped
100854,5148,17,2,64.41,GBP,2026-04-20,Shipped
100855,5067,14,6,53.57,EUR,2026-04-20,Shipped
100856,5093,20,8,9.59,GBP,2026-04-20,Shipped
100857,5013,20,4,7.98,GBP,2026-04-20,Returned
100858,5213,15,2,155.31,GBP,2026-04-20,Completed
100859,5006,14,1,53.82,EUR,2026-04-20,Shipped
100860,5282,7,5,188.29,EUR,2026-04-20,Completed
100861,5292,11,1,53.73,EUR,2026-04-20,Completed
100862,5246,20,1,1626.0,JPY,2026-04-20,Completed
100863,5275,16,1,132.12,GBP,2026-04-20,Completed
100864,5154,11,8,8951.0,JPY,2026-04-20,Completed
100865,5170,19,6,188.96,GBP,2026-04-20,Completed
100866,5321,12,2,15300.0,JPY,2026-04-20,Completed
100867,5158,18,3,140.67,GBP,2026-04-20,Completed
100868,5191,11,1,62.88,EUR,2026-04-20,Completed
100869,5020,15,5,129.64,EUR,2026-04-20,Completed
100870,5257,7,2,200.87,GBP,2026-04-20,Completed
100871,5159,5,4,189.71,EUR,2026-04-20,Completed
100872,5068,11,3,8800.0,JPY,2026-04-20,Completed
100873,5003,7,1,203.61,GBP,2026-04-20,Shipped
100874,5240,10,1,12.61,GBP,2026-04-20,Shipped
100875,5296,2,2,12.76,GBP,2026-04-20,Shipped
100876,5164,10,4,13.56,EUR,2026-04-20,Completed
100877,5319,15,2,129.75,EUR,2026-04-20,Completed
100878,5073,18,2,127.8,EUR,2026-04-20,Completed
100879,5277,10,4,16.64,EUR,2026-04-20,Completed
100880,5055,15,1,158.38,EUR,2026-04-20,Completed
100881,5304,13,1,14.95,EUR,2026-04-20,Completed
100882,5344,15,6,160.29,EUR,2026-04-20,Pending
100883,5240,18,2,16194.0,JPY,2026-04-20,Pending
100884,5241,4,8,61.86,EUR,2026-04-20,Shipped
100885,5187,8,4,24.85,EUR,2026-04-20,Cancelled
100886,5167,13,3,15.35,GBP,2026-04-20,Shipped
100887,5237,15,8,141.84,EUR,2026-04-20,Completed
100888,5055,6,5,16139.0,JPY,2026-04-20,Shipped
100889,5318,11,2,7079.0,JPY,2026-04-20,Shipped
100890,5303,8,3,3780.0,JPY,2026-04-20,Completed
100891,5089,14,7,54.81,GBP,2026-04-20,Completed
100892,5050,3,8,63.92,EUR,2026-04-20,Shipped
100893,5306,15,3,154.44,EUR,2026-04-20,Completed
100894,5072,13,6,12.02,GBP,2026-04-20,Shipped
100895,5316,19,1,22941.0,JPY,2026-04-20,Shipped
100896,5292,19,8,172.56,EUR,2026-04-20,Shipped
100897,5299,10,7,17.14,GBP,2026-04-20,Cancelled
100898,5028,1,7,18904.0,JPY,2026-04-20,Pending
100899,5222,1,6,123.59,EUR,2026-04-20,Completed
100900,5223,19,7,178.18,GBP,2026-04-20,Shipped
100901,5197,18,4,121.74,GBP,2026-04-20,Completed
100902,5069,12,7,124.87,EUR,2026-04-20,Returned
100903,5337,1,2,166.49,GBP,2026-04-20,Completed
100904,5234,14,3,49.93,EUR,2026-04-20,Shipped
100905,5231,20,7,9.37,GBP,2026-04-20,Completed
100906,5256,13,6,11.62,EUR,2026-04-20,Completed
100907,5020,8,5,25.86,EUR,2026-04-20,Shipped
100908,5041,19,8,182.93,GBP,2026-04-20,Completed
100909,5046,5,5,190.63,GBP,2026-04-20,Completed
100910,5325,8,8,28.65,GBP,2026-04-20,Shipped
100911,5006,18,5,137.87,GBP,2026-04-20,Cancelled
100912,5216,16,8,136.73,GBP,2026-04-20,Completed
100913,5156,12,5,135.06,EUR,2026-04-20,Completed
100914,5027,19,5,163.29,EUR,2026-04-20,Completed
100915,5143,10,1,14.71,EUR,2026-04-20,Completed
100916,5058,9,3,91.6,GBP,2026-04-20,Completed
100917,5090,20,3,1316.0,JPY,2026-04-20,Pending
100918,5176,9,4,112.23,GBP,2026-04-20,Pending
100919,5212,3,3,75.8,GBP,2026-04-20,Pending
100920,5296,13,4,12.38,GBP,2026-04-20,Pending
100921,5086,12,1,102.54,GBP,2026-04-20,Pending
100922,5273,15,7,172.3,GBP,2026-04-20,Completed
100923,5272,8,7,24.89,GBP,2026-04-20,Completed
100924,5162,14,1,49.33,EUR,2026-04-20,Pending
100925,5222,17,1,53.3,EUR,2026-04-20,Shipped
100926,5336,20,5,8.3,EUR,2026-04-20,Completed
100927,5345,19,7,167.86,GBP,2026-04-20,Shipped
100928,5161,19,4,215.09,GBP,2026-04-20,Shipped
100929,5051,18,1,113.54,GBP,2026-04-20,Pending
100930,5129,17,2,60.41,GBP,2026-04-20,Completed
100931,5337,7,1,232.32,EUR,2026-04-20,Completed
100932,5067,7,2,226.66,GBP,2026-04-20,Completed
100933,5039,13,3,1709.0,JPY,2026-04-20,Shipped
100934,5132,15,5,23032.0,JPY,2026-04-20,Shipped
100935,5031,6,2,149.34,EUR,2026-04-20,Completed
100936,5103,9,5,116.24,EUR,2026-04-20,Completed
100937,5221,20,7,8.45,EUR,2026-04-20,Completed
100938,5293,7,2,20600.0,JPY,2026-04-20,Shipped
100939,5001,9,8,105.1,EUR,2026-04-20,Completed
100940,5295,2,7,15.52,EUR,2026-04-20,Shipped
100941,5036,1,8,158.59,GBP,2026-04-20,Completed
100942,5247,18,4,151.04,EUR,2026-04-20,Returned
100943,5332,4,6,48.09,EUR,2026-04-20,Completed
100944,5236,3,6,58.23,GBP,2026-04-20,Returned
100945,5098,10,4,14.1,EUR,2026-04-20,Completed
100946,5324,10,7,1653.0,JPY,2026-04-20,Shipped
100947,5304,15,4,160.64,EUR,2026-04-20,Completed
100948,5256,8,8,28.42,EUR,2026-04-20,Pending
100949,5022,18,8,16548.0,JPY,2026-04-20,Completed
100950,5348,13,2,14.08,EUR,2026-04-20,Shipped
100951,5073,18,3,116.33,GBP,2026-04-20,Completed
100952,5333,16,1,106.98,GBP,2026-04-20,Cancelled
100953,5050,5,1,157.17,EUR,2026-04-20,Completed
100954,5305,15,3,19802.0,JPY,2026-04-20,Completed
100955,5348,20,4,9.08,EUR,2026-04-20,Completed
100956,5165,13,6,14.19,EUR,2026-04-20,Shipped
100957,5073,7,1,175.9,GBP,2026-04-20,Completed
100958,5298,14,3,50.33,GBP,2026-04-20,Shipped
100959,5081,2,3,14.16,EUR,2026-04-20,Pending
100960,5334,1,8,168.56,EUR,2026-04-20,Completed
100961,5065,19,5,201.22,EUR,2026-04-20,Pending
100962,5090,7,3,196.0,GBP,2026-04-20,Shipped
100963,5046,20,1,9.98,GBP,2026-04-20,Shipped
100964,5272,10,6,13.13,EUR,2026-04-20,Shipped
100965,5321,4,6,7593.0,JPY,2026-04-20,Returned
100966,5243,7,5,177.86,EUR,2026-04-20,Completed
100967,5187,16,3,107.34,EUR,2026-04-20,Cancelled
100968,5233,10,4,16.21,GBP,2026-04-20,Completed
100969,5015,2,2,12.12,GBP,2026-04-20,Cancelled
100970,5297,16,2,124.23,EUR,2026-04-20,Completed
100971,5057,11,7,52.39,EUR,2026-04-20,Shipped
100972,5193,11,4,62.74,EUR,2026-04-20,Pending
100973,5075,8,2,30.7,GBP,2026-04-20,Completed
100974,5100,7,8,199.15,EUR,2026-04-20,Completed
100975,5031,12,5,125.76,EUR,2026-04-20,Completed
100976,5176,9,3,97.1,EUR,2026-04-20,Completed
100977,5314,8,5,28.37,GBP,2026-04-20,Pending
100978,5111,6,4,154.67,EUR,2026-04-20,Pending
100979,5127,19,8,28679.0,JPY,2026-04-20,Completed
100980,5077,8,6,31.05,GBP,2026-04-20,Completed
100981,5259,19,1,214.97,EUR,2026-04-20,Completed
100982,5051,2,7,15.02,GBP,2026-04-20,Completed
100983,5209,15,8,124.55,EUR,2026-04-20,Shipped
100984,5009,7,3,236.5,EUR,2026-04-20,Completed
100985,5299,16,5,129.66,EUR,2026-04-20,Completed
100986,5095,1,8,157.36,GBP,2026-04-20,Completed
100987,5198,12,8,123.15,GBP,2026-04-20,Completed
100988,5314,11,1,59.48,EUR,2026-04-20,Pending
100989,5029,18,4,22236.0,JPY,2026-04-20,Completed
100990,5188,17,6,7480.0,JPY,2026-04-20,Completed
100991,5105,12,3,120.47,GBP,2026-04-20,Shipped
100992,5298,5,6,167.0,EUR,2026-04-20,Completed
100993,5217,7,4,202.31,EUR,2026-04-20,Cancelled
100994,5270,9,1,99.42,EUR,2026-04-20,Completed
100995,5150,4,8,57.34,GBP,2026-04-20,Shipped
100996,5034,15,6,25212.0,JPY,2026-04-20,Cancelled
100997,5040,7,8,179.91,EUR,2026-04-20,Completed
100998,5105,4,3,56.63,EUR,2026-04-20,Shipped
100999,5068,17,1,56.89,EUR,2026-04-20,Returned
101000,5097,16,6,105.93,GBP,2026-04-20,Pending
